{
  "0": {
    "precision": 0.986716621253406,
    "recall": 0.9979331725800895,
    "f1-score": 0.9922932008905635,
    "support": 2903.0
  },
  "1": {
    "precision": 0.90625,
    "recall": 0.5979381443298969,
    "f1-score": 0.7204968944099379,
    "support": 97.0
  },
  "accuracy": 0.985,
  "macro avg": {
    "precision": 0.946483310626703,
    "recall": 0.7979356584549933,
    "f1-score": 0.8563950476502507,
    "support": 3000.0
  },
  "weighted avg": {
    "precision": 0.9841148671662125,
    "recall": 0.985,
    "f1-score": 0.9835051203143564,
    "support": 3000.0
  }
}