{
  "0": {
    "precision": 0.9897995075624341,
    "recall": 0.9693420599379952,
    "f1-score": 0.9794639749390881,
    "support": 2903.0
  },
  "1": {
    "precision": 0.43312101910828027,
    "recall": 0.7010309278350515,
    "f1-score": 0.5354330708661418,
    "support": 97.0
  },
  "accuracy": 0.9606666666666667,
  "macro avg": {
    "precision": 0.7114602633353572,
    "recall": 0.8351864938865233,
    "f1-score": 0.7574485229026149,
    "support": 3000.0
  },
  "weighted avg": {
    "precision": 0.9718002364357499,
    "recall": 0.9606666666666667,
    "f1-score": 0.9651069757073962,
    "support": 3000.0
  }
}