{
  "0": {
    "precision": 0.9905797101449275,
    "recall": 0.941784361005856,
    "f1-score": 0.9655659544411089,
    "support": 2903.0
  },
  "1": {
    "precision": 0.29583333333333334,
    "recall": 0.7319587628865979,
    "f1-score": 0.42136498516320475,
    "support": 97.0
  },
  "accuracy": 0.935,
  "macro avg": {
    "precision": 0.6432065217391304,
    "recall": 0.836871561946227,
    "f1-score": 0.6934654698021568,
    "support": 3000.0
  },
  "weighted avg": {
    "precision": 0.9681162439613527,
    "recall": 0.935,
    "f1-score": 0.9479701231011233,
    "support": 3000.0
  }
}