{
  "0": {
    "precision": 0.9886206896551725,
    "recall": 0.9875990354805374,
    "f1-score": 0.988109598483543,
    "support": 2903.0
  },
  "1": {
    "precision": 0.64,
    "recall": 0.6597938144329897,
    "f1-score": 0.649746192893401,
    "support": 97.0
  },
  "accuracy": 0.977,
  "macro avg": {
    "precision": 0.8143103448275862,
    "recall": 0.8236964249567635,
    "f1-score": 0.818927895688472,
    "support": 3000.0
  },
  "weighted avg": {
    "precision": 0.9773486206896552,
    "recall": 0.977,
    "f1-score": 0.9771691817027951,
    "support": 3000.0
  }
}