{
  "0": {
    "precision": 0.9910350448247759,
    "recall": 0.8377540475370306,
    "f1-score": 0.907970879223446,
    "support": 2903.0
  },
  "1": {
    "precision": 0.13736263736263737,
    "recall": 0.7731958762886598,
    "f1-score": 0.2332814930015552,
    "support": 97.0
  },
  "accuracy": 0.8356666666666667,
  "macro avg": {
    "precision": 0.5641988410937067,
    "recall": 0.8054749619128452,
    "f1-score": 0.5706261861125006,
    "support": 3000.0
  },
  "weighted avg": {
    "precision": 0.9634329703168334,
    "recall": 0.8356666666666667,
    "f1-score": 0.8861559224022716,
    "support": 3000.0
  }
}