{
  "0": {
    "precision": 0.9872193436960276,
    "recall": 0.9844987943506717,
    "f1-score": 0.985857192135219,
    "support": 2903.0
  },
  "1": {
    "precision": 0.5714285714285714,
    "recall": 0.6185567010309279,
    "f1-score": 0.594059405940594,
    "support": 97.0
  },
  "accuracy": 0.9726666666666667,
  "macro avg": {
    "precision": 0.7793239575622994,
    "recall": 0.8015277476907998,
    "f1-score": 0.7899582990379066,
    "support": 3000.0
  },
  "weighted avg": {
    "precision": 0.9737754420593799,
    "recall": 0.9726666666666667,
    "f1-score": 0.9731890637149262,
    "support": 3000.0
  }
}