{
  "0": {
    "precision": 0.9760297096556381,
    "recall": 0.9958663451601791,
    "f1-score": 0.985848252344416,
    "support": 2903.0
  },
  "1": {
    "precision": 0.6842105263157895,
    "recall": 0.26804123711340205,
    "f1-score": 0.3851851851851852,
    "support": 97.0
  },
  "accuracy": 0.9723333333333334,
  "macro avg": {
    "precision": 0.8301201179857138,
    "recall": 0.6319537911367906,
    "f1-score": 0.6855167187648006,
    "support": 3000.0
  },
  "weighted avg": {
    "precision": 0.9665942227276496,
    "recall": 0.9723333333333334,
    "f1-score": 0.9664268131729342,
    "support": 3000.0
  }
}