{
  "0": {
    "precision": 0.9873849301056938,
    "recall": 0.9975887013434378,
    "f1-score": 0.9924605894448252,
    "support": 2903.0
  },
  "1": {
    "precision": 0.8955223880597015,
    "recall": 0.6185567010309279,
    "f1-score": 0.7317073170731707,
    "support": 97.0
  },
  "accuracy": 0.9853333333333333,
  "macro avg": {
    "precision": 0.9414536590826976,
    "recall": 0.8080727011871829,
    "f1-score": 0.8620839532589979,
    "support": 3000.0
  },
  "weighted avg": {
    "precision": 0.9844147079128733,
    "recall": 0.9853333333333333,
    "f1-score": 0.9840295669714749,
    "support": 3000.0
  }
}