{
  "0": {
    "precision": 0.988950276243094,
    "recall": 0.9865656217705822,
    "f1-score": 0.9877565097430592,
    "support": 2903.0
  },
  "1": {
    "precision": 0.625,
    "recall": 0.6701030927835051,
    "f1-score": 0.6467661691542289,
    "support": 97.0
  },
  "accuracy": 0.9763333333333334,
  "macro avg": {
    "precision": 0.806975138121547,
    "recall": 0.8283343572770436,
    "f1-score": 0.8172613394486441,
    "support": 3000.0
  },
  "weighted avg": {
    "precision": 0.9771825506445673,
    "recall": 0.9763333333333334,
    "f1-score": 0.9767311553973538,
    "support": 3000.0
  }
}